Project Name (Repository Name),Group Name,Group Depth,Last Activity At (JST),Created At (JST),Project URL
alexkalderimis,1,alexkalderimis/gitlab-ee,2019-11-28 04:48:10,2019-05-23 00:45:33,https://gitlab.com/alexkalderimis/gitlab-ee
charts,1,charts/charts.gitlab.io,2022-04-13 05:38:18,2017-03-09 13:57:17,https://gitlab.com/charts/charts.gitlab.io
charts,1,charts/auto-deploy-app,2019-04-18 14:11:00,2018-05-10 02:40:44,https://gitlab.com/charts/auto-deploy-app
dblessing,1,dblessing/gitlab,2020-02-14 23:07:47,2015-10-08 23:31:33,https://gitlab.com/dblessing/gitlab
dblessing,1,dblessing/gitlab-ce,2020-03-07 02:08:54,2014-04-15 01:21:40,https://gitlab.com/dblessing/gitlab-ce
gitlab-com,1,gitlab-com/support-forum,2022-02-10 02:07:24,2014-07-01 15:55:14,https://gitlab.com/gitlab-com/support-forum
gitlab-data,1,gitlab-data/managers,2022-03-05 06:53:48,2019-12-17 04:38:30,https://gitlab.com/gitlab-data/managers
gitlab-org,1,gitlab-org/release-sample-projects,2022-04-14 21:25:47,2022-04-14 04:44:48,https://gitlab.com/gitlab-org/release-sample-projects
gitlab-org,1,gitlab-org/gitlab-recipes,2022-04-05 16:05:55,2013-10-04 20:21:23,https://gitlab.com/gitlab-org/gitlab-recipes
gitlab-org,1,gitlab-org/app-modernization-2021,2021-10-22 19:44:54,2021-10-22 19:44:54,https://gitlab.com/gitlab-org/app-modernization-2021
gitlab-org,1,gitlab-org/app-modernization,2021-11-02 23:42:03,2021-10-22 19:41:27,https://gitlab.com/gitlab-org/app-modernization
gitlab-org,1,gitlab-org/golang-archive-zip,2021-11-26 01:18:07,2021-10-20 01:46:52,https://gitlab.com/gitlab-org/golang-archive-zip
gitlab-org,1,gitlab-org/rb-ipynbdiff,2021-09-28 21:28:51,2021-09-28 21:28:51,https://gitlab.com/gitlab-org/rb-ipynbdiff
gitlab-org,1,gitlab-org/docker-build-test,2021-09-28 00:03:40,2021-09-27 18:15:41,https://gitlab.com/gitlab-org/docker-build-test
gitlab-org,1,gitlab-org/jh-upstream-report,2022-04-02 14:52:23,2021-08-05 07:38:25,https://gitlab.com/gitlab-org/jh-upstream-report
gitlab-org,1,gitlab-org/gitlab-rdoc,2021-07-05 21:45:18,2021-06-25 05:42:34,https://gitlab.com/gitlab-org/gitlab-rdoc
gitlab-org,1,gitlab-org/mnohr-permissions-test,2021-06-25 01:20:01,2021-06-25 01:20:01,https://gitlab.com/gitlab-org/mnohr-permissions-test
gitlab-org,1,gitlab-org/developer.gitlab.com,2022-04-15 03:53:37,2021-06-17 00:40:22,https://gitlab.com/gitlab-org/developer.gitlab.com
gitlab-org,1,gitlab-org/test-cveid-btn,2021-06-08 17:18:08,2021-06-08 17:18:08,https://gitlab.com/gitlab-org/test-cveid-btn
gitlab-org,1,gitlab-org/gitlab-shell,2022-04-15 14:26:42,2013-10-08 01:48:29,https://gitlab.com/gitlab-org/gitlab-shell
gitlab-org,1,gitlab-org/spamcheck,2022-04-06 01:35:22,2021-05-19 01:24:05,https://gitlab.com/gitlab-org/spamcheck
gitlab-org,1,gitlab-org/gitlab-omniauth-openid-connect,2022-04-04 22:40:49,2021-04-24 09:10:03,https://gitlab.com/gitlab-org/gitlab-omniauth-openid-connect
gitlab-org,1,gitlab-org/agg-test1,2021-04-19 09:15:31,2021-04-19 09:15:31,https://gitlab.com/gitlab-org/agg-test1
gitlab-org,1,gitlab-org/samtest,2021-04-13 23:14:28,2021-04-13 23:14:28,https://gitlab.com/gitlab-org/samtest
gitlab-org,1,gitlab-org/advisories-community,2022-04-14 23:04:40,2021-04-13 15:10:33,https://gitlab.com/gitlab-org/advisories-community
gitlab-org,1,gitlab-org/file-mirror,2021-03-25 21:41:52,2021-03-25 21:41:52,https://gitlab.com/gitlab-org/file-mirror
gitlab-org,1,gitlab-org/file,2022-02-28 12:14:35,2021-03-25 19:59:55,https://gitlab.com/gitlab-org/file
gitlab-org,1,gitlab-org/ruby-magic,2022-01-27 14:22:24,2021-03-25 06:35:33,https://gitlab.com/gitlab-org/ruby-magic
gitlab-org,1,gitlab-org/gitlab-ci,2018-12-22 06:04:12,2013-10-10 17:35:52,https://gitlab.com/gitlab-org/gitlab-ci
gitlab-org,1,gitlab-org/mail-smtp_pool,2021-03-30 20:14:52,2021-03-17 16:27:49,https://gitlab.com/gitlab-org/mail-smtp_pool
gitlab-org,1,gitlab-org/jschafer-test-blank-proj,2021-03-11 03:12:41,2021-03-11 03:12:41,https://gitlab.com/gitlab-org/jschafer-test-blank-proj
gitlab-org,1,gitlab-org/gitlab-fog-google,2021-05-12 09:00:26,2021-03-11 01:18:53,https://gitlab.com/gitlab-org/gitlab-fog-google
gitlab-org,1,gitlab-org/gitlab-pry-byebug,2021-01-13 21:50:36,2021-01-13 01:01:00,https://gitlab.com/gitlab-org/gitlab-pry-byebug
gitlab-org,1,gitlab-org/gitlab-codesandbox-client,2020-12-17 12:17:40,2020-12-17 12:17:40,https://gitlab.com/gitlab-org/gitlab-codesandbox-client
gitlab-org,1,gitlab-org/gitlab-feature-flag-alert,2022-02-15 21:12:40,2020-12-15 07:24:19,https://gitlab.com/gitlab-org/gitlab-feature-flag-alert
gitlab-org,1,gitlab-org/docs-shell,2022-01-31 22:47:19,2020-12-04 03:17:02,https://gitlab.com/gitlab-org/docs-shell
gitlab-org,1,gitlab-org/standalone-security-hardening,2020-12-01 04:57:54,2020-12-01 04:57:54,https://gitlab.com/gitlab-org/standalone-security-hardening
gitlab-org,1,gitlab-org/pg_query,2021-05-26 08:29:25,2020-10-23 14:18:33,https://gitlab.com/gitlab-org/pg_query
gitlab-org,1,gitlab-org/libpg_query,2020-12-22 09:27:16,2020-10-23 14:16:41,https://gitlab.com/gitlab-org/libpg_query
gitlab-org,1,gitlab-org/waypoint-images,2020-10-27 02:13:51,2020-10-16 03:30:28,https://gitlab.com/gitlab-org/waypoint-images
gitlab-org,1,gitlab-org/snowplow-micro-configuration,2020-10-13 21:50:01,2020-10-13 21:50:01,https://gitlab.com/gitlab-org/snowplow-micro-configuration
gitlab-org,1,gitlab-org/snowplow-micro,2020-10-13 21:41:13,2020-10-13 21:41:13,https://gitlab.com/gitlab-org/snowplow-micro
gitlab-org,1,gitlab-org/gitlab-ci-runner,2022-03-23 17:04:14,2013-10-10 17:36:26,https://gitlab.com/gitlab-org/gitlab-ci-runner
gitlab-org,1,gitlab-org/partial-clone-demo,2020-10-05 16:30:54,2020-10-05 16:30:54,https://gitlab.com/gitlab-org/partial-clone-demo
gitlab-org,1,gitlab-org/gitlab-terraform-aws-rds-aurora,2020-10-08 22:52:29,2020-10-01 00:07:31,https://gitlab.com/gitlab-org/gitlab-terraform-aws-rds-aurora
gitlab-org,1,gitlab-org/go-mimedb,2022-03-11 20:53:23,2020-09-29 13:24:11,https://gitlab.com/gitlab-org/go-mimedb
gitlab-org,1,gitlab-org/licensee,2022-04-08 02:36:04,2020-09-03 15:01:35,https://gitlab.com/gitlab-org/licensee
gitlab-org,1,gitlab-org/ci-cd-testing-ux,2020-10-15 07:16:06,2020-08-13 23:53:47,https://gitlab.com/gitlab-org/ci-cd-testing-ux
gitlab-org,1,gitlab-org/security-rewards,2020-08-11 23:08:38,2020-08-11 23:08:38,https://gitlab.com/gitlab-org/security-rewards
gitlab-org,1,gitlab-org/cookbook-gitlab,2019-09-27 19:16:36,2013-10-30 12:38:40,https://gitlab.com/gitlab-org/cookbook-gitlab
gitlab-org,1,gitlab-org/gitlab-fog-azure-rm,2021-11-18 21:41:30,2020-08-04 15:01:02,https://gitlab.com/gitlab-org/gitlab-fog-azure-rm
gitlab-org,1,gitlab-org/gitlab-snippet-test,2020-07-21 16:08:14,2020-07-21 01:13:55,https://gitlab.com/gitlab-org/gitlab-snippet-test
gitlab-org,1,gitlab-org/rspec_profiling_stats,2022-03-16 21:33:39,2020-06-29 20:25:33,https://gitlab.com/gitlab-org/rspec_profiling_stats
gitlab-org,1,gitlab-org/pubsubbeat,2021-04-10 05:00:34,2020-06-19 01:12:18,https://gitlab.com/gitlab-org/pubsubbeat
gitlab-org,1,gitlab-org/gitlab-pygments-rb,2018-01-24 18:07:36,2013-11-25 17:41:20,https://gitlab.com/gitlab-org/gitlab-pygments-rb
gitlab-org,1,gitlab-org/terraform-images,2022-04-15 01:37:25,2020-05-23 05:10:05,https://gitlab.com/gitlab-org/terraform-images
gitlab-org,1,gitlab-org/fluent-plugin-redis-slowlog,2020-08-27 15:56:12,2020-05-21 18:44:54,https://gitlab.com/gitlab-org/fluent-plugin-redis-slowlog
gitlab-org,1,gitlab-org/gitlab-sketch-plugin,2021-12-08 10:41:53,2020-05-19 14:01:35,https://gitlab.com/gitlab-org/gitlab-sketch-plugin
gitlab-org,1,gitlab-org/gitlab-figma-plugin,2022-03-27 16:38:24,2020-05-19 09:00:58,https://gitlab.com/gitlab-org/gitlab-figma-plugin
gitlab-org,1,gitlab-org/cves,2022-04-15 08:01:26,2020-05-13 04:29:29,https://gitlab.com/gitlab-org/cves
gitlab-org,1,gitlab-org/auto-devops-v12-10,2020-05-08 00:02:49,2020-05-07 08:41:23,https://gitlab.com/gitlab-org/auto-devops-v12-10
gitlab-org,1,gitlab-org/test_codeowners,2020-05-05 22:57:38,2020-05-05 22:57:38,https://gitlab.com/gitlab-org/test_codeowners
gitlab-org,1,gitlab-org/gitlab-grack,2018-01-16 21:41:29,2013-11-27 17:44:41,https://gitlab.com/gitlab-org/gitlab-grack
gitlab-org,1,gitlab-org/sitespeed-journeys,2020-04-24 00:31:43,2020-04-24 00:31:43,https://gitlab.com/gitlab-org/sitespeed-journeys
gitlab-org,1,gitlab-org/version-app-codeclimate-rubocop,2022-02-07 22:51:52,2020-04-23 04:21:57,https://gitlab.com/gitlab-org/version-app-codeclimate-rubocop
gitlab-org,1,gitlab-org/version-app-codeclimate,2022-04-14 03:42:59,2020-04-23 04:18:06,https://gitlab.com/gitlab-org/version-app-codeclimate
gitlab-org,1,gitlab-org/ci-cd-ux,2022-04-08 17:36:48,2020-04-11 05:37:18,https://gitlab.com/gitlab-org/ci-cd-ux
gitlab-org,1,gitlab-org/snowplow-go-collector,2020-06-02 00:37:49,2020-04-05 04:32:41,https://gitlab.com/gitlab-org/snowplow-go-collector
gitlab-org,1,gitlab-org/jfr-container-builder,2022-04-15 00:07:31,2020-03-23 21:46:22,https://gitlab.com/gitlab-org/jfr-container-builder
gitlab-org,1,gitlab-org/expand-unchanged-file,2020-03-26 02:03:14,2020-03-17 04:22:39,https://gitlab.com/gitlab-org/expand-unchanged-file
gitlab-org,1,gitlab-org/libgit2,2021-06-08 16:13:17,2020-03-08 00:22:22,https://gitlab.com/gitlab-org/libgit2
gitlab-org,1,gitlab-org/jira-issue-generator,2021-02-03 21:18:01,2020-03-07 04:32:26,https://gitlab.com/gitlab-org/jira-issue-generator
gitlab-org,1,gitlab-org/gitlab-derailed_benchmarks,2020-03-12 19:08:41,2020-03-06 14:26:47,https://gitlab.com/gitlab-org/gitlab-derailed_benchmarks
gitlab-org,1,gitlab-org/status-page,2022-04-14 12:26:25,2020-02-11 23:57:07,https://gitlab.com/gitlab-org/status-page
gitlab-org,1,gitlab-org/slack-notifier,2020-10-03 01:48:07,2020-02-06 14:26:49,https://gitlab.com/gitlab-org/slack-notifier
gitlab-org,1,gitlab-org/cloudflare_exporter,2022-04-14 21:57:29,2020-01-30 18:38:20,https://gitlab.com/gitlab-org/cloudflare_exporter
gitlab-org,1,gitlab-org/release-cli,2022-04-14 18:09:44,2020-01-29 05:08:19,https://gitlab.com/gitlab-org/release-cli
gitlab-org,1,gitlab-org/version-app-buildpack,2021-09-17 07:42:08,2020-01-01 22:44:58,https://gitlab.com/gitlab-org/version-app-buildpack
gitlab-org,1,gitlab-org/gitlab-jetbrains-plugin,2022-04-15 03:54:59,2022-01-19 18:40:41,https://gitlab.com/gitlab-org/gitlab-jetbrains-plugin
gitlab-org,1,gitlab-org/gitlab-puma_worker_killer,2022-01-20 02:39:12,2019-12-11 19:47:09,https://gitlab.com/gitlab-org/gitlab-puma_worker_killer
gitlab-org,1,gitlab-org/gitlab-puma,2022-01-25 17:40:16,2019-12-11 19:16:00,https://gitlab.com/gitlab-org/gitlab-puma
gitlab-org,1,gitlab-org/gitlab-grit,2020-07-02 21:27:17,2013-11-27 17:46:31,https://gitlab.com/gitlab-org/gitlab-grit
gitlab-org,1,gitlab-org/releasepost,2021-01-24 23:37:29,2019-12-05 07:30:28,https://gitlab.com/gitlab-org/releasepost
gitlab-org,1,gitlab-org/gitlab-chronic,2022-01-25 17:39:45,2019-11-24 13:49:03,https://gitlab.com/gitlab-org/gitlab-chronic
gitlab-org,1,gitlab-org/dev-test-project,2019-11-28 02:13:00,2019-11-21 01:52:29,https://gitlab.com/gitlab-org/dev-test-project
gitlab-org,1,gitlab-org/cloud-deploy,2022-04-09 21:03:42,2019-11-15 22:06:35,https://gitlab.com/gitlab-org/cloud-deploy
gitlab-org,1,gitlab-org/graphql-sandbox,2022-01-19 10:42:01,2019-11-12 14:16:45,https://gitlab.com/gitlab-org/graphql-sandbox
gitlab-org,1,gitlab-org/dylangriffith-security-test,2020-09-16 10:15:51,2019-11-04 14:52:36,https://gitlab.com/gitlab-org/dylangriffith-security-test
gitlab-org,1,gitlab-org/jritchey-test,2019-10-27 12:40:26,2019-10-27 12:40:26,https://gitlab.com/gitlab-org/jritchey-test
gitlab-org,1,gitlab-org/gitlab-net-dns,2022-01-25 17:42:44,2019-10-12 23:16:30,https://gitlab.com/gitlab-org/gitlab-net-dns
gitlab-org,1,gitlab-org/gitlab-git,2022-04-15 07:33:12,2019-10-11 22:41:11,https://gitlab.com/gitlab-org/gitlab-git
gitlab-org,1,gitlab-org/iglu,2022-03-25 00:03:24,2019-10-08 00:15:45,https://gitlab.com/gitlab-org/iglu
gitlab-org,1,gitlab-org/test-transfer-project,2019-10-11 03:57:51,2019-09-27 03:06:44,https://gitlab.com/gitlab-org/test-transfer-project
gitlab-org,1,gitlab-org/gitlab-orchestrator,2022-01-22 04:54:27,2019-09-19 05:29:01,https://gitlab.com/gitlab-org/gitlab-orchestrator
gitlab-org,1,gitlab-org/gitlab-environment-toolkit,2022-04-15 06:26:47,2019-09-13 21:52:36,https://gitlab.com/gitlab-org/gitlab-environment-toolkit
gitlab-org,1,gitlab-org/test-project-pipelines-usability,2019-09-13 20:03:57,2019-09-13 20:03:57,https://gitlab.com/gitlab-org/test-project-pipelines-usability
gitlab-org,1,gitlab-org/gitlab-chronic-duration,2022-03-23 07:18:55,2019-09-09 22:16:59,https://gitlab.com/gitlab-org/gitlab-chronic-duration
gitlab-org,1,gitlab-org/verify-stage,2022-04-15 03:18:40,2019-09-05 01:47:54,https://gitlab.com/gitlab-org/verify-stage
gitlab-org,1,gitlab-org/package-stage,2021-12-14 20:00:56,2019-08-31 03:54:16,https://gitlab.com/gitlab-org/package-stage
gitlab-org,1,gitlab-org/gitlab-peek,2019-11-28 22:11:51,2019-08-28 17:56:57,https://gitlab.com/gitlab-org/gitlab-peek
gitlab-org,1,gitlab-org/fulfillment,2021-12-17 03:57:56,2019-08-28 07:19:39,https://gitlab.com/gitlab-org/fulfillment
gitlab-org,1,gitlab-org/release-stage,2021-07-20 04:01:41,2019-08-27 04:15:31,https://gitlab.com/gitlab-org/release-stage
gitlab-org,1,gitlab-org/container-registry,2022-04-15 04:59:51,2019-08-16 00:33:17,https://gitlab.com/gitlab-org/container-registry
gitlab-org,1,gitlab-org/express-example,2019-08-07 04:52:39,2019-08-07 04:52:39,https://gitlab.com/gitlab-org/express-example
gitlab-org,1,gitlab-org/sarahs-second-project,2019-07-25 06:35:50,2019-07-25 06:35:50,https://gitlab.com/gitlab-org/sarahs-second-project
gitlab-org,1,gitlab-org/plan,2022-04-15 08:47:33,2019-07-24 02:49:12,https://gitlab.com/gitlab-org/plan
gitlab-org,1,gitlab-org/git,2022-04-04 20:22:11,2019-07-12 16:53:47,https://gitlab.com/gitlab-org/git
gitlab-org,1,gitlab-org/visual-review-tools,2021-10-15 05:08:00,2019-06-25 04:31:40,https://gitlab.com/gitlab-org/visual-review-tools
gitlab-org,1,gitlab-org/config-audit-tool,2022-03-10 22:24:56,2022-01-20 20:15:33,https://gitlab.com/gitlab-org/config-audit-tool
gitlab-org,1,gitlab-org/daniel-test,2019-05-20 23:26:06,2019-05-20 23:26:06,https://gitlab.com/gitlab-org/daniel-test
gitlab-org,1,gitlab-org/gitlab-slack-archivist,2019-10-03 22:21:41,2019-05-07 22:36:29,https://gitlab.com/gitlab-org/gitlab-slack-archivist
gitlab-org,1,gitlab-org/jupyter-gitlab,2020-03-22 09:44:30,2019-04-30 23:28:29,https://gitlab.com/gitlab-org/jupyter-gitlab
gitlab-org,1,gitlab-org/product-intelligence,2022-04-15 08:07:04,2019-04-27 04:17:21,https://gitlab.com/gitlab-org/product-intelligence
gitlab-org,1,gitlab-org/hugo-pessoal,2019-06-13 02:43:07,2019-04-24 02:20:11,https://gitlab.com/gitlab-org/hugo-pessoal
gitlab-org,1,gitlab-org/webide-file-sync,2021-12-09 05:48:50,2019-03-22 20:17:55,https://gitlab.com/gitlab-org/webide-file-sync
gitlab-org,1,gitlab-org/gitlabktl,2022-02-14 12:04:13,2019-03-01 00:05:31,https://gitlab.com/gitlab-org/gitlabktl
gitlab-org,1,gitlab-org/gl-a11ym,2019-02-27 06:38:50,2019-02-27 05:01:04,https://gitlab.com/gitlab-org/gl-a11ym
gitlab-org,1,gitlab-org/labkit-ruby,2022-04-07 09:13:08,2019-02-21 04:56:14,https://gitlab.com/gitlab-org/labkit-ruby
gitlab-org,1,gitlab-org/default_value_for,2019-07-01 21:59:31,2019-02-11 19:28:08,https://gitlab.com/gitlab-org/default_value_for
gitlab-org,1,gitlab-org/fulfillment-meta,2022-04-15 06:15:59,2019-01-31 07:54:36,https://gitlab.com/gitlab-org/fulfillment-meta
gitlab-org,1,gitlab-org/technical-writing,2022-04-15 08:30:56,2019-01-31 00:36:52,https://gitlab.com/gitlab-org/technical-writing
gitlab-org,1,gitlab-org/test-repo-for-go-elasticsearch-indexer,2021-10-02 06:24:47,2018-12-21 04:23:19,https://gitlab.com/gitlab-org/test-repo-for-go-elasticsearch-indexer
gitlab-org,1,gitlab-org/create-stage,2022-04-15 09:08:29,2018-12-15 00:15:30,https://gitlab.com/gitlab-org/create-stage
gitlab-org,1,gitlab-org/diversity-inclusion,2020-10-01 09:18:31,2018-12-06 00:21:51,https://gitlab.com/gitlab-org/diversity-inclusion
gitlab-org,1,gitlab-org/merge-train,2021-06-29 07:32:26,2018-11-19 23:05:13,https://gitlab.com/gitlab-org/merge-train
gitlab-org,1,gitlab-org/labkit,2022-04-15 09:16:05,2018-11-17 00:07:08,https://gitlab.com/gitlab-org/labkit
gitlab-org,1,gitlab-org/growthproject,2020-02-28 01:32:35,2018-10-31 22:48:14,https://gitlab.com/gitlab-org/growthproject
gitlab-org,1,gitlab-org/takeoff-ansible,2018-10-31 20:15:37,2018-10-31 01:53:09,https://gitlab.com/gitlab-org/takeoff-ansible
gitlab-org,1,gitlab-org/group-conversations,2019-05-22 00:27:49,2018-10-22 19:21:07,https://gitlab.com/gitlab-org/group-conversations
gitlab-org,1,gitlab-org/gitlab-eslint-config,2021-09-18 00:33:01,2018-10-03 08:34:26,https://gitlab.com/gitlab-org/gitlab-eslint-config
gitlab-org,1,gitlab-org/sidekiq-reliable-fetch,2021-11-15 21:00:34,2018-09-13 18:08:59,https://gitlab.com/gitlab-org/sidekiq-reliable-fetch
gitlab-org,1,gitlab-org/nurtch-demo,2019-12-01 05:23:22,2018-09-12 17:17:27,https://gitlab.com/gitlab-org/nurtch-demo
gitlab-org,1,gitlab-org/async-retrospectives,2022-04-14 05:16:57,2018-08-14 21:16:18,https://gitlab.com/gitlab-org/async-retrospectives
gitlab-org,1,gitlab-org/gitlab-terminal,2022-03-27 06:15:48,2018-08-07 16:02:57,https://gitlab.com/gitlab-org/gitlab-terminal
gitlab-org,1,gitlab-org/backstage-changelog,2019-11-27 05:58:59,2018-07-24 02:19:31,https://gitlab.com/gitlab-org/backstage-changelog
gitlab-org,1,gitlab-org/jupyterhub-user-image,2019-10-03 06:30:33,2018-07-19 02:01:43,https://gitlab.com/gitlab-org/jupyterhub-user-image
gitlab-org,1,gitlab-org/cookbook-omnibus-gitlab,2022-02-15 01:04:06,2014-09-30 00:08:21,https://gitlab.com/gitlab-org/cookbook-omnibus-gitlab
gitlab-org,1,gitlab-org/golang-crypto,2022-01-30 20:15:13,2022-01-27 18:03:33,https://gitlab.com/gitlab-org/golang-crypto
gitlab-org,1,gitlab-org/grape-path-helpers,2022-04-04 19:21:46,2018-04-25 07:24:42,https://gitlab.com/gitlab-org/grape-path-helpers
gitlab-org,1,gitlab-org/gitlab-gollum-rugged_adapter,2021-09-16 02:56:17,2018-04-11 20:19:03,https://gitlab.com/gitlab-org/gitlab-gollum-rugged_adapter
gitlab-org,1,gitlab-org/gitlab-gollum-lib,2018-04-11 20:18:55,2018-04-11 20:18:55,https://gitlab.com/gitlab-org/gitlab-gollum-lib
gitlab-org,1,gitlab-org/gitlab-pages-proto,2018-04-05 19:12:01,2018-04-05 19:12:01,https://gitlab.com/gitlab-org/gitlab-pages-proto
gitlab-org,1,gitlab-org/omnibus-gitlab,2022-04-15 15:41:48,2013-12-02 21:36:52,https://gitlab.com/gitlab-org/omnibus-gitlab
gitlab-org,1,gitlab-org/lever-jobs-embed,2020-11-07 05:13:12,2018-02-10 06:09:45,https://gitlab.com/gitlab-org/lever-jobs-embed
gitlab-org,1,gitlab-org/gitlab-vscode-extension,2022-04-14 22:57:50,2018-01-25 09:56:33,https://gitlab.com/gitlab-org/gitlab-vscode-extension
gitlab-org,1,gitlab-org/zap-baseline,2017-12-29 19:59:00,2017-12-29 19:59:00,https://gitlab.com/gitlab-org/zap-baseline
gitlab-org,1,gitlab-org/prometheus-storage-migrator,2021-03-01 20:27:12,2017-12-20 19:23:35,https://gitlab.com/gitlab-org/prometheus-storage-migrator
gitlab-org,1,gitlab-org/gitlab-insights,2022-02-10 02:07:28,2017-12-18 19:16:02,https://gitlab.com/gitlab-org/gitlab-insights
gitlab-org,1,gitlab-org/gl-performance,2021-11-18 19:41:05,2017-12-12 02:08:36,https://gitlab.com/gitlab-org/gl-performance
gitlab-org,1,gitlab-org/open-interview-questions,2018-01-16 06:02:33,2017-11-04 07:29:05,https://gitlab.com/gitlab-org/open-interview-questions
gitlab-org,1,gitlab-org/dco,2021-11-09 19:54:36,2017-11-02 03:15:23,https://gitlab.com/gitlab-org/dco
gitlab-org,1,gitlab-org/gitlab-compose-kit,2022-04-07 17:47:36,2017-11-01 04:46:29,https://gitlab.com/gitlab-org/gitlab-compose-kit
gitlab-org,1,gitlab-org/gitlab_git,2021-11-18 00:49:20,2013-12-26 17:43:12,https://gitlab.com/gitlab-org/gitlab_git
gitlab-org,1,gitlab-org/csslab,2020-11-07 05:13:12,2017-10-14 04:12:43,https://gitlab.com/gitlab-org/csslab
gitlab-org,1,gitlab-org/gl-sast,2021-11-12 22:35:38,2017-10-09 23:58:17,https://gitlab.com/gitlab-org/gl-sast
gitlab-org,1,gitlab-org/gitlab-selenium-server,2021-01-05 09:20:07,2017-09-29 10:22:27,https://gitlab.com/gitlab-org/gitlab-selenium-server
gitlab-org,1,gitlab-org/codeclimate-rubocop,2018-02-20 20:30:03,2017-09-20 00:47:31,https://gitlab.com/gitlab-org/codeclimate-rubocop
gitlab-org,1,gitlab-org/codeclimate,2020-09-02 06:29:35,2017-09-20 00:46:54,https://gitlab.com/gitlab-org/codeclimate
gitlab-org,1,gitlab-org/gitaly-bench,2021-08-31 23:07:24,2017-09-16 00:07:25,https://gitlab.com/gitlab-org/gitaly-bench
gitlab-org,1,gitlab-org/gitlab-svgs,2022-04-15 05:38:10,2017-09-15 00:51:40,https://gitlab.com/gitlab-org/gitlab-svgs
gitlab-org,1,gitlab-org/gitlab-ci-multi-runner-backup,2017-09-26 17:18:59,2017-09-11 20:50:53,https://gitlab.com/gitlab-org/gitlab-ci-multi-runner-backup
gitlab-org,1,gitlab-org/openssh-packages,2017-09-09 15:33:08,2017-09-09 14:25:32,https://gitlab.com/gitlab-org/openssh-packages
gitlab-org,1,gitlab-org/gitlab-aws-quickstart,2022-03-11 06:50:33,2017-08-24 23:41:31,https://gitlab.com/gitlab-org/gitlab-aws-quickstart
gitlab-org,1,gitlab-org/test-zero-config-ci-7,2017-08-17 00:12:02,2017-08-17 00:12:02,https://gitlab.com/gitlab-org/test-zero-config-ci-7
gitlab-org,1,gitlab-org/test-zero-config-ci-6,2017-08-16 23:49:50,2017-08-16 23:49:50,https://gitlab.com/gitlab-org/test-zero-config-ci-6
gitlab-org,1,gitlab-org/gollum-lib,2022-01-12 01:50:45,2014-01-31 01:41:14,https://gitlab.com/gitlab-org/gollum-lib
gitlab-org,1,gitlab-org/css_tooling,2017-08-09 23:02:17,2017-08-09 23:02:17,https://gitlab.com/gitlab-org/css_tooling
gitlab-org,1,gitlab-org/herokuish,2021-11-12 22:35:38,2017-08-08 02:48:06,https://gitlab.com/gitlab-org/herokuish
gitlab-org,1,gitlab-org/Product,2021-10-21 00:32:56,2017-08-08 01:37:09,https://gitlab.com/gitlab-org/Product
gitlab-org,1,gitlab-org/functional-group-updates,2018-10-23 21:26:40,2017-07-13 22:02:23,https://gitlab.com/gitlab-org/functional-group-updates
gitlab-org,1,gitlab-org/takeoff,2020-05-13 02:20:16,2017-07-10 22:27:39,https://gitlab.com/gitlab-org/takeoff
gitlab-org,1,gitlab-org/cross-browser-testing,2017-07-08 20:49:13,2017-07-08 20:49:13,https://gitlab.com/gitlab-org/cross-browser-testing
gitlab-org,1,gitlab-org/gitlab-design-archive,2020-12-01 02:59:28,2017-07-08 20:21:21,https://gitlab.com/gitlab-org/gitlab-design-archive
gitlab-org,1,gitlab-org/auto-deploy-helm,2019-12-30 04:10:00,2017-07-07 00:19:57,https://gitlab.com/gitlab-org/auto-deploy-helm
gitlab-org,1,gitlab-org/screenshot-archive,2020-03-21 04:08:52,2017-07-04 10:12:46,https://gitlab.com/gitlab-org/screenshot-archive
gitlab-org,1,gitlab-org/rubocop-gitlab-security,2021-11-03 01:07:45,2017-06-30 05:08:22,https://gitlab.com/gitlab-org/rubocop-gitlab-security
gitlab-org,1,gitlab-org/mmap2,2020-11-02 21:22:22,2017-06-27 22:27:11,https://gitlab.com/gitlab-org/mmap2
gitlab-org,1,gitlab-org/linguist,2020-03-08 02:39:48,2014-01-31 02:02:06,https://gitlab.com/gitlab-org/linguist
gitlab-org,1,gitlab-org/trello-power-up,2022-04-10 05:48:05,2017-06-09 03:58:10,https://gitlab.com/gitlab-org/trello-power-up
gitlab-org,1,gitlab-org/prometheus-client-mmap,2022-04-05 07:54:57,2017-05-24 01:09:16,https://gitlab.com/gitlab-org/prometheus-client-mmap
gitlab-org,1,gitlab-org/gitaly-dashboards,2018-06-09 06:51:43,2017-05-15 17:17:51,https://gitlab.com/gitlab-org/gitaly-dashboards
gitlab-org,1,gitlab-org/Dockerfile,2021-08-31 23:07:24,2017-04-13 00:03:07,https://gitlab.com/gitlab-org/Dockerfile
gitlab-org,1,gitlab-org/blob-examples,2019-09-20 04:49:32,2017-04-12 01:25:30,https://gitlab.com/gitlab-org/blob-examples
gitlab-org,1,gitlab-org/gitlab-elasticsearch-indexer,2022-04-15 03:18:27,2017-03-23 00:50:35,https://gitlab.com/gitlab-org/gitlab-elasticsearch-indexer
gitlab-org,1,gitlab-org/ux-research,2022-04-15 14:02:55,2017-03-14 04:29:05,https://gitlab.com/gitlab-org/ux-research
gitlab-org,1,gitlab-org/omniauth-ldap,2022-04-05 16:27:49,2014-02-01 22:52:34,https://gitlab.com/gitlab-org/omniauth-ldap
gitlab-org,1,gitlab-org/cli,2022-04-15 07:24:18,2022-03-22 03:49:22,https://gitlab.com/gitlab-org/cli
gitlab-org,1,gitlab-org/gitlab-packer,2018-01-16 21:41:29,2014-02-11 17:01:30,https://gitlab.com/gitlab-org/gitlab-packer
gitlab-org,1,gitlab-org/gitlab-mock-ci-service,2020-11-25 02:46:20,2017-02-18 04:16:29,https://gitlab.com/gitlab-org/gitlab-mock-ci-service
gitlab-org,1,gitlab-org/gitaly-proto,2022-03-14 15:39:15,2017-02-14 02:13:47,https://gitlab.com/gitlab-org/gitaly-proto
gitlab-org,1,gitlab-org/customers-gitlab-com,2022-04-15 14:21:28,2017-02-10 03:59:13,https://gitlab.com/gitlab-org/customers-gitlab-com
gitlab-org,1,gitlab-org/docker-distribution-pruner,2022-04-15 09:14:28,2017-02-07 19:51:37,https://gitlab.com/gitlab-org/docker-distribution-pruner
gitlab-org,1,gitlab-org/apilab,2021-02-12 01:52:41,2017-01-27 02:12:34,https://gitlab.com/gitlab-org/apilab
gitlab-org,1,gitlab-org/packagecloud-ruby,2018-01-16 21:41:28,2017-01-20 22:37:19,https://gitlab.com/gitlab-org/packagecloud-ruby
gitlab-org,1,gitlab-org/multi-user-prometheus,2018-11-22 00:36:33,2017-01-19 10:31:04,https://gitlab.com/gitlab-org/multi-user-prometheus
gitlab-org,1,gitlab-org/kubernetes-gitlab-demo,2020-06-22 12:26:32,2017-01-16 08:08:34,https://gitlab.com/gitlab-org/kubernetes-gitlab-demo
gitlab-org,1,gitlab-org/eclipse-gitlab-slides,2018-01-16 21:41:30,2016-12-07 14:37:05,https://gitlab.com/gitlab-org/eclipse-gitlab-slides
gitlab-org,1,gitlab-org/testme,2019-12-30 04:05:01,2014-02-28 17:01:24,https://gitlab.com/gitlab-org/testme
gitlab-org,1,gitlab-org/gitaly,2022-04-15 09:08:32,2016-11-15 06:07:35,https://gitlab.com/gitlab-org/gitaly
gitlab-org,1,gitlab-org/ci-training-slides,2019-01-16 23:26:55,2016-11-11 10:48:41,https://gitlab.com/gitlab-org/ci-training-slides
gitlab-org,1,gitlab-org/ci-training-sample,2018-01-16 21:41:30,2016-10-27 17:04:02,https://gitlab.com/gitlab-org/ci-training-sample
gitlab-org,1,gitlab-org/gitlab-docs,2022-04-15 09:15:32,2016-10-06 14:40:51,https://gitlab.com/gitlab-org/gitlab-docs
gitlab-org,1,gitlab-org/gitlab-markup,2022-02-07 23:54:31,2016-10-04 08:53:34,https://gitlab.com/gitlab-org/gitlab-markup
gitlab-org,1,gitlab-org/test-elastic-image,2018-01-16 21:41:30,2016-08-17 23:27:34,https://gitlab.com/gitlab-org/test-elastic-image
gitlab-org,1,gitlab-org/gitlab-exporter,2022-04-06 02:18:27,2016-08-11 06:23:04,https://gitlab.com/gitlab-org/gitlab-exporter
gitlab-org,1,gitlab-org/gitlab_emoji,2020-03-22 01:12:29,2014-03-20 17:21:56,https://gitlab.com/gitlab-org/gitlab_emoji
gitlab-org,1,gitlab-org/gitlab-metrics-exporter,2022-04-14 09:20:10,2022-03-24 21:37:20,https://gitlab.com/gitlab-org/gitlab-metrics-exporter
gitlab-org,1,gitlab-org/end-user-admin,2020-08-14 20:13:42,2016-08-02 13:41:31,https://gitlab.com/gitlab-org/end-user-admin
gitlab-org,1,gitlab-org/gitlab-qa,2022-04-15 10:01:58,2016-07-25 19:35:44,https://gitlab.com/gitlab-org/gitlab-qa
gitlab-org,1,gitlab-org/end-user-training-slides,2018-01-16 21:41:29,2016-07-08 07:01:40,https://gitlab.com/gitlab-org/end-user-training-slides
gitlab-org,1,gitlab-org/influxdb-management,2018-10-02 11:13:45,2016-06-23 18:57:18,https://gitlab.com/gitlab-org/influxdb-management
gitlab-org,1,gitlab-org/labkit-python,2022-04-07 04:54:51,2022-03-30 22:59:14,https://gitlab.com/gitlab-org/labkit-python
gitlab-org,1,gitlab-org/cookbook-gitlab-runner,2019-10-31 23:23:50,2016-06-06 21:00:15,https://gitlab.com/gitlab-org/cookbook-gitlab-runner
gitlab-org,1,gitlab-org/gitlab-ci-yml,2021-08-31 23:07:18,2016-05-21 06:02:35,https://gitlab.com/gitlab-org/gitlab-ci-yml
gitlab-org,1,gitlab-org/gitlab-build-images,2022-04-15 04:16:01,2016-04-15 21:46:43,https://gitlab.com/gitlab-org/gitlab-build-images
gitlab-org,1,gitlab-org/gitlab-test,2022-02-14 18:51:04,2014-08-01 05:00:19,https://gitlab.com/gitlab-org/gitlab-test
gitlab-org,1,gitlab-org/rgsoc-2016,2021-12-30 20:07:01,2016-03-03 23:49:29,https://gitlab.com/gitlab-org/rgsoc-2016
gitlab-org,1,gitlab-org/grafana-dashboards,2022-04-15 09:07:04,2016-03-03 04:06:26,https://gitlab.com/gitlab-org/grafana-dashboards
gitlab-org,1,gitlab-org/gsoc2016,2018-03-06 02:54:05,2016-02-19 20:07:42,https://gitlab.com/gitlab-org/gsoc2016
gitlab-org,1,gitlab-org/marketing_monthly_release,2021-01-23 08:18:41,2016-02-16 23:02:05,https://gitlab.com/gitlab-org/marketing_monthly_release
gitlab-org,1,gitlab-org/gitlab-elasticsearch-git-test,2018-01-16 21:44:58,2016-02-01 22:33:12,https://gitlab.com/gitlab-org/gitlab-elasticsearch-git-test
gitlab-org,1,gitlab-org/inspector-influx,2018-01-22 20:38:17,2016-01-21 00:11:03,https://gitlab.com/gitlab-org/inspector-influx
gitlab-org,1,gitlab-org/gitlab-elasticsearch-git,2018-01-16 21:41:28,2016-01-14 02:03:47,https://gitlab.com/gitlab-org/gitlab-elasticsearch-git
gitlab-org,1,gitlab-org/gitlab-pages,2022-04-15 15:07:55,2016-01-08 01:38:31,https://gitlab.com/gitlab-org/gitlab-pages
gitlab-org,1,gitlab-org/training-examples,2022-01-20 01:14:40,2016-01-06 06:28:16,https://gitlab.com/gitlab-org/training-examples
gitlab-org,1,gitlab-org/allocations,2018-01-22 20:36:58,2015-12-18 00:16:22,https://gitlab.com/gitlab-org/allocations
gitlab-org,1,gitlab-org/gitlab-io-stress-test,2018-01-16 21:41:28,2015-11-27 19:13:02,https://gitlab.com/gitlab-org/gitlab-io-stress-test
gitlab-org,1,gitlab-org/University,2019-06-14 02:37:31,2015-11-13 22:38:23,https://gitlab.com/gitlab-org/University
gitlab-org,1,gitlab-org/gitlab-workhorse,2022-04-15 00:07:31,2015-10-26 22:48:15,https://gitlab.com/gitlab-org/gitlab-workhorse
gitlab-org,1,gitlab-org/ngalang-personal,2022-04-01 04:47:56,2022-04-01 04:47:56,https://gitlab.com/gitlab-org/ngalang-personal
gitlab-org,1,gitlab-org/status-gitlab-com,2021-05-12 17:51:34,2015-09-23 03:26:00,https://gitlab.com/gitlab-org/status-gitlab-com
gitlab-org,1,gitlab-org/gitlab-development-kit,2022-04-15 09:17:19,2014-08-07 16:26:32,https://gitlab.com/gitlab-org/gitlab-development-kit
gitlab-org,1,gitlab-org/gitlab-rouge,2018-01-16 21:44:58,2015-09-09 22:18:34,https://gitlab.com/gitlab-org/gitlab-rouge
gitlab-org,1,gitlab-org/gitlab-runner-docker-cleanup,2021-01-27 05:05:51,2015-09-04 01:47:07,https://gitlab.com/gitlab-org/gitlab-runner-docker-cleanup
gitlab-org,1,gitlab-org/gitlab-design,2022-04-15 07:29:13,2015-09-03 17:29:27,https://gitlab.com/gitlab-org/gitlab-design
gitlab-org,1,gitlab-org/release-tools,2022-04-15 09:15:53,2015-08-27 08:35:56,https://gitlab.com/gitlab-org/release-tools
gitlab-org,1,gitlab-org/golang-cli-helpers,2022-01-25 01:19:03,2015-08-18 21:37:43,https://gitlab.com/gitlab-org/golang-cli-helpers
gitlab-org,1,gitlab-org/gitlab-mattermost,2022-02-01 17:38:09,2015-08-04 22:45:28,https://gitlab.com/gitlab-org/gitlab-mattermost
gitlab-org,1,gitlab-org/gitlab-git-http-server,2017-02-04 03:25:28,2015-07-28 16:48:48,https://gitlab.com/gitlab-org/gitlab-git-http-server
gitlab-org,1,gitlab-org/omnibus,2022-04-12 22:38:55,2015-05-21 20:28:47,https://gitlab.com/gitlab-org/omnibus
gitlab-org,1,gitlab-org/gitlab,2022-04-15 15:26:43,2015-05-20 19:47:11,https://gitlab.com/gitlab-org/gitlab
gitlab-org,1,gitlab-org/gitlab-runner,2022-04-15 11:12:28,2015-04-28 06:10:25,https://gitlab.com/gitlab-org/gitlab-runner
gitlab-org,1,gitlab-org/gitlab-test-fork,2018-01-16 21:41:30,2015-04-27 22:12:25,https://gitlab.com/gitlab-org/gitlab-test-fork
gitlab-org,1,gitlab-org/test-gfm-reference,2020-01-14 22:57:21,2015-04-11 16:50:36,https://gitlab.com/gitlab-org/test-gfm-reference
gitlab-org,1,gitlab-org/discourse-omniauth-gitlab,2022-04-02 01:43:48,2015-01-24 06:48:27,https://gitlab.com/gitlab-org/discourse-omniauth-gitlab
gitlab-org,1,gitlab-org/gitlab-omnibus-builder,2022-04-15 14:24:12,2015-01-16 01:25:30,https://gitlab.com/gitlab-org/gitlab-omnibus-builder
gitlab-org,1,gitlab-org/omniauth-gitlab,2018-01-16 21:41:29,2015-01-13 05:33:20,https://gitlab.com/gitlab-org/omniauth-gitlab
gitlab-org,1,gitlab-org/omnibus-gitlab-runner,2017-02-04 03:25:27,2015-01-08 02:54:45,https://gitlab.com/gitlab-org/omnibus-gitlab-runner
gitlab-org,1,gitlab-org/git-memory-test,2019-12-30 04:25:43,2014-11-13 20:07:22,https://gitlab.com/gitlab-org/git-memory-test
gitlab-org,1,gitlab-org/html-pipeline-gitlab,2017-02-04 03:25:27,2014-10-07 00:32:38,https://gitlab.com/gitlab-org/html-pipeline-gitlab
gitlab-org,1,gitlab-org/gitlab-ui,2022-04-15 09:45:08,2018-06-14 19:40:54,https://gitlab.com/gitlab-org/gitlab-ui
gitlab-org,1,gitlab-org/gitlab-git-test,2020-01-18 01:07:40,2014-08-29 21:29:10,https://gitlab.com/gitlab-org/gitlab-git-test
gitlab-org,1,gitlab-org/gitlab-foss,2022-04-15 15:09:01,2013-09-26 15:02:36,https://gitlab.com/gitlab-org/gitlab-foss
gitlab-org/gitlab-services,2,gitlab-org/gitlab-services/design.gitlab.com,2022-04-15 09:15:53,2017-10-23 16:42:02,https://gitlab.com/gitlab-org/gitlab-services/design.gitlab.com
godfat,1,godfat/gitlab-ce,2021-06-19 04:57:29,2016-03-23 21:09:43,https://gitlab.com/godfat/gitlab-ce
group-thiagocsf/demo,2,group-thiagocsf/demo/security-report-tests,2022-01-06 06:18:58,2021-03-23 07:19:38,https://gitlab.com/group-thiagocsf/demo/security-report-tests
leipert-projects,1,leipert-projects/gitlab-group-member-report,2020-08-25 05:51:28,2019-12-06 21:33:30,https://gitlab.com/leipert-projects/gitlab-group-member-report
markpundsack,1,markpundsack/todo-backend-client,2017-06-24 05:26:19,2017-06-21 10:01:55,https://gitlab.com/markpundsack/todo-backend-client
nagyv-gitlab,1,nagyv-gitlab/gitops-test-manifest,2020-08-23 09:19:19,2020-08-09 19:26:00,https://gitlab.com/nagyv-gitlab/gitops-test-manifest
nagyv-gitlab,1,nagyv-gitlab/gitops-test,2020-10-31 21:37:25,2020-05-30 07:01:33,https://gitlab.com/nagyv-gitlab/gitops-test
nagyv-gitlab,1,nagyv-gitlab/gitlab-cloud-native-operator-configuration,2020-06-26 20:10:20,2020-04-30 23:34:44,https://gitlab.com/nagyv-gitlab/gitlab-cloud-native-operator-configuration
nick.thomas,1,nick.thomas/gitaly,2019-05-06 18:18:57,2017-08-16 01:02:24,https://gitlab.com/nick.thomas/gitaly
nick.thomas,1,nick.thomas/omnibus-gitlab,2019-01-31 03:22:11,2016-12-05 22:19:28,https://gitlab.com/nick.thomas/omnibus-gitlab
nick.thomas,1,nick.thomas/gitlab-ce,2019-09-12 21:28:00,2016-08-04 23:28:52,https://gitlab.com/nick.thomas/gitlab-ce
nick.thomas,1,nick.thomas/gitlab-ee,2022-04-05 01:02:26,2016-08-02 17:53:08,https://gitlab.com/nick.thomas/gitlab-ee
nick.thomas,1,nick.thomas/grafana-dashboards,2017-03-14 02:31:03,2017-03-14 02:31:03,https://gitlab.com/nick.thomas/grafana-dashboards
reprazent,1,reprazent/gitlab-ee,2020-06-20 03:05:46,2018-03-16 22:51:16,https://gitlab.com/reprazent/gitlab-ee
samdbeckham,1,samdbeckham/test,2022-04-13 23:52:47,2020-10-06 19:21:01,https://gitlab.com/samdbeckham/test
samdbeckham,1,samdbeckham/feature-flags,2022-03-03 16:15:34,2021-05-19 18:06:14,https://gitlab.com/samdbeckham/feature-flags
sethgitlab,1,sethgitlab/ci-template-file,2021-12-02 09:36:06,2021-12-01 08:14:01,https://gitlab.com/sethgitlab/ci-template-file
smcgivern,1,smcgivern/gitlab-ee,2019-02-07 23:05:27,2017-02-21 19:19:21,https://gitlab.com/smcgivern/gitlab-ee
winniehell,1,winniehell/gitlab-ce,2020-01-01 05:25:52,2016-06-14 00:18:50,https://gitlab.com/winniehell/gitlab-ce
zj-gitlab,1,zj-gitlab/gitlab-ce,2021-06-19 04:58:52,2015-09-17 16:30:02,https://gitlab.com/zj-gitlab/gitlab-ce
